{"stats":{"minecraft:custom":{"minecraft:time_since_rest":13992,"minecraft:open_chest":4,"minecraft:crouch_one_cm":315,"minecraft:play_time":13992,"minecraft:sprint_one_cm":1510,"minecraft:walk_one_cm":6251,"minecraft:sneak_time":599,"minecraft:jump":23,"minecraft:walk_on_water_one_cm":362,"minecraft:leave_game":2,"minecraft:time_since_death":13992,"minecraft:total_world_time":16035,"minecraft:fly_one_cm":34378,"minecraft:inspect_dispenser":1},"minecraft:picked_up":{"minecraft:stick":159,"minecraft:jungle_log":57,"minecraft:jungle_sapling":51,"minecraft:spruce_sapling":177,"minecraft:spruce_log":1},"minecraft:used":{"minecraft:jungle_sapling":55,"minecraft:sticky_piston":7,"minecraft:white_wool":40,"minecraft:activator_rail":3,"minecraft:repeater":5,"minecraft:comparator":1,"minecraft:dispenser":1,"minecraft:redstone":3,"minecraft:slime_block":2,"minecraft:jungle_log":15,"minecraft:chest":2,"minecraft:redstone_block":16,"minecraft:observer":3,"minecraft:spruce_sign":4,"minecraft:spruce_log":1,"minecraft:spruce_sapling":64}},"DataVersion":3465}