{"stats":{"minecraft:picked_up":{"minecraft:stick":39,"minecraft:dead_fire_coral_fan":1,"minecraft:lever":1,"minecraft:bone_meal":915,"minecraft:birch_sapling":47},"minecraft:used":{"minecraft:redstone_torch":3,"minecraft:sticky_piston":32,"minecraft:dead_fire_coral_fan":1,"minecraft:lever":1,"minecraft:piston":10,"minecraft:water_bucket":2,"minecraft:honey_block":20,"minecraft:dropper":5,"minecraft:command_block":1,"minecraft:slime_block":42,"minecraft:redstone":37,"minecraft:dispenser":2,"minecraft:birch_sapling":56,"minecraft:chest":5,"minecraft:redstone_block":14,"minecraft:composter":1,"minecraft:dark_oak_trapdoor":44,"minecraft:repeater":13,"minecraft:comparator":2,"minecraft:gray_glazed_terracotta":104,"minecraft:tnt":4,"minecraft:hopper":30,"minecraft:podzol":8,"minecraft:white_stained_glass":172,"minecraft:chain":6,"minecraft:birch_log":7,"minecraft:note_block":3,"minecraft:white_concrete":38,"minecraft:observer":15,"minecraft:stripped_spruce_log":16,"minecraft:oak_fence_gate":3,"minecraft:obsidian":217},"minecraft:custom":{"minecraft:time_since_rest":48509,"minecraft:inspect_dropper":3,"minecraft:walk_one_cm":503,"minecraft:drop":1,"minecraft:inspect_hopper":1,"minecraft:fly_one_cm":20769,"minecraft:open_chest":5,"minecraft:crouch_one_cm":29,"minecraft:play_time":48509,"minecraft:sneak_time":2846,"minecraft:jump":12,"minecraft:leave_game":1,"minecraft:time_since_death":48509,"minecraft:walk_on_water_one_cm":641,"minecraft:total_world_time":1271719,"minecraft:inspect_dispenser":2},"minecraft:dropped":{"minecraft:lever":1}},"DataVersion":3465}